matchId,teamId,opponentTeamId,windowStart,windowEnd,minute,pressure,scoreDiff,round_x,numPasses,numPassers,numReceivers,numEdges,matchDate,stadiumName,homeTeamId,awayTeamId,round_y
10511,366,364,0,900,7.5,LOW,0,group,72,11,11,44,,,366,364,knockout
10511,364,366,0,900,7.5,LOW,0,group,73,11,10,37,,,366,364,knockout
10511,366,364,900,1800,22.5,LOW,0,group,118,11,11,54,,,366,364,knockout
10511,364,366,900,1800,22.5,LOW,0,group,41,11,11,30,,,366,364,knockout
10511,366,364,1800,2700,37.5,MEDIUM,0,group,90,13,13,58,,,366,364,knockout
10511,364,366,1800,2700,37.5,MEDIUM,0,group,88,10,11,48,,,366,364,knockout
10511,366,364,2700,3600,52.5,LOW,1,group,109,13,13,61,,,366,364,knockout
10511,364,366,2700,3600,52.5,MEDIUM,0,group,85,11,11,45,,,366,364,knockout
10511,366,364,3600,4500,67.5,MEDIUM,0,group,51,9,11,32,,,366,364,knockout
10511,364,366,3600,4500,67.5,MEDIUM,0,group,23,11,11,22,,,366,364,knockout
10511,366,364,4500,5400,82.5,HIGH,0,group,61,11,11,41,,,366,364,knockout
10511,364,366,4500,5400,82.5,HIGH,0,group,12,7,6,9,,,366,364,knockout
10511,366,364,5400,6300,97.5,HIGH,0,group,12,5,10,12,,,366,364,knockout
10511,364,366,5400,6300,97.5,HIGH,-1,group,4,4,3,4,,,366,364,knockout
10511,366,364,6300,7200,112.5,HIGH,0,group,26,9,9,20,,,366,364,knockout
10511,364,366,6300,7200,112.5,HIGH,0,group,60,11,10,30,,,366,364,knockout
10511,364,366,7200,8100,127.5,HIGH,1,group,69,12,12,44,,,366,364,knockout
10511,366,364,7200,8100,127.5,LOW,3,group,24,9,9,18,,,366,364,knockout
10511,364,366,8100,9000,142.5,LOW,3,group,65,12,11,43,,,366,364,knockout
10511,366,364,8100,9000,142.5,LOW,4,group,6,5,3,6,,,366,364,knockout
3812,366,372,0,900,7.5,LOW,5,group,70,11,11,43,,,372,366,knockout
3812,372,366,0,900,7.5,LOW,0,group,56,11,11,42,,,372,366,knockout
3812,372,366,900,1800,22.5,LOW,0,group,61,10,11,34,,,372,366,knockout
3812,366,372,900,1800,22.5,LOW,-1,group,61,10,10,37,,,372,366,knockout
3812,372,366,1800,2700,37.5,MEDIUM,-3,group,53,11,11,39,,,372,366,knockout
3812,366,372,1800,2700,37.5,MEDIUM,-3,group,53,11,11,38,,,372,366,knockout
3812,366,372,2700,3600,52.5,MEDIUM,-4,group,97,11,11,48,,,372,366,knockout
3812,372,366,2700,3600,52.5,MEDIUM,-5,group,52,10,10,33,,,372,366,knockout
3812,366,372,3600,4500,67.5,MEDIUM,0,group,46,11,10,33,,,372,366,knockout
3812,372,366,3600,4500,67.5,MEDIUM,-1,group,37,13,13,29,,,372,366,knockout
3812,366,372,4500,5400,82.5,HIGH,-2,group,55,12,13,35,,,372,366,knockout
3812,372,366,4500,5400,82.5,HIGH,-2,group,36,10,9,23,,,372,366,knockout
3812,372,366,5400,6300,97.5,HIGH,-2,group,33,10,11,22,,,372,366,knockout
3812,366,372,5400,6300,97.5,HIGH,-2,group,9,8,7,9,,,372,366,knockout
3813,373,50,0,900,7.5,LOW,-2,group,3,3,3,3,,,50,373,knockout
3813,50,373,0,900,7.5,LOW,0,group,72,9,10,39,,,50,373,knockout
3813,50,373,900,1800,22.5,LOW,1,group,79,11,11,46,,,50,373,knockout
3813,373,50,900,1800,22.5,LOW,2,group,17,9,9,16,,,50,373,knockout
3813,373,50,1800,2700,37.5,LOW,2,group,25,11,11,21,,,50,373,knockout
3813,50,373,1800,2700,37.5,LOW,2,group,82,11,11,50,,,50,373,knockout
3813,50,373,2700,3600,52.5,LOW,2,group,229,11,11,71,,,50,373,knockout
3813,373,50,2700,3600,52.5,LOW,2,group,44,14,14,35,,,50,373,knockout
3813,50,373,3600,4500,67.5,MEDIUM,0,group,54,14,15,38,,,50,373,knockout
3813,373,50,3600,4500,67.5,MEDIUM,0,group,37,10,11,30,,,50,373,knockout
3813,50,373,4500,5400,82.5,HIGH,1,group,140,11,11,62,,,50,373,knockout
3813,373,50,4500,5400,82.5,HIGH,1,group,14,9,7,14,,,50,373,knockout
3813,373,50,5400,6300,97.5,HIGH,1,group,27,10,10,25,,,50,373,knockout
3813,50,373,5400,6300,97.5,HIGH,0,group,80,11,11,48,,,50,373,knockout
3814,360,381,0,900,7.5,LOW,0,group,32,10,11,26,,,360,381,knockout
3814,381,360,0,900,7.5,LOW,0,group,74,11,10,43,,,360,381,knockout
3814,360,381,900,1800,22.5,LOW,0,group,34,10,11,26,,,360,381,knockout
3814,381,360,900,1800,22.5,LOW,-1,group,79,11,11,40,,,360,381,knockout
3814,381,360,1800,2700,37.5,MEDIUM,-1,group,29,8,11,26,,,360,381,knockout
3814,360,381,1800,2700,37.5,MEDIUM,-1,group,55,11,11,29,,,360,381,knockout
3814,381,360,2700,3600,52.5,MEDIUM,0,group,106,11,11,49,,,360,381,knockout
3814,360,381,2700,3600,52.5,MEDIUM,0,group,125,11,11,50,,,360,381,knockout
3814,360,381,3600,4500,67.5,MEDIUM,0,group,66,11,12,40,,,360,381,knockout
3814,381,360,3600,4500,67.5,MEDIUM,1,group,58,12,12,34,,,360,381,knockout
3814,381,360,4500,5400,82.5,HIGH,1,group,47,11,11,35,,,360,381,knockout
3814,360,381,4500,5400,82.5,HIGH,0,group,39,10,11,32,,,360,381,knockout
3814,360,381,5400,6300,97.5,HIGH,-1,group,22,9,9,15,,,360,381,knockout
3814,381,360,5400,6300,97.5,HIGH,-1,group,43,9,9,31,,,360,381,knockout
3815,51,384,0,900,7.5,LOW,-1,group,101,11,11,51,,,51,384,knockout
3815,384,51,0,900,7.5,LOW,0,group,36,10,11,26,,,51,384,knockout
3815,51,384,900,1800,22.5,LOW,-1,group,109,10,11,49,,,51,384,knockout
3815,384,51,900,1800,22.5,LOW,-1,group,62,11,11,45,,,51,384,knockout
3815,51,384,1800,2700,37.5,MEDIUM,0,group,80,11,11,43,,,51,384,knockout
3815,384,51,1800,2700,37.5,LOW,1,group,48,11,11,36,,,51,384,knockout
3815,51,384,2700,3600,52.5,LOW,1,group,80,11,11,42,,,51,384,knockout
3815,384,51,2700,3600,52.5,LOW,1,group,100,11,11,50,,,51,384,knockout
3815,384,51,3600,4500,67.5,MEDIUM,0,group,37,10,10,29,,,51,384,knockout
3815,51,384,3600,4500,67.5,MEDIUM,0,group,60,13,12,38,,,51,384,knockout
3815,384,51,4500,5400,82.5,HIGH,0,group,36,10,11,26,,,51,384,knockout
3815,51,384,4500,5400,82.5,HIGH,0,group,25,11,12,24,,,51,384,knockout
3815,51,384,5400,6300,97.5,HIGH,0,group,61,10,10,34,,,51,384,knockout
3815,384,51,5400,6300,97.5,HIGH,0,group,13,9,8,12,,,51,384,knockout
3816,382,364,0,900,7.5,LOW,0,group,26,9,10,22,,,364,382,knockout
3816,364,382,0,900,7.5,LOW,0,group,71,11,11,36,,,364,382,knockout
3816,382,364,900,1800,22.5,LOW,0,group,58,11,11,38,,,364,382,knockout
3816,364,382,900,1800,22.5,LOW,0,group,73,11,11,46,,,364,382,knockout
3816,382,364,1800,2700,37.5,MEDIUM,0,group,38,11,11,29,,,364,382,knockout
3816,364,382,1800,2700,37.5,MEDIUM,0,group,61,11,11,41,,,364,382,knockout
3816,364,382,2700,3600,52.5,MEDIUM,0,group,155,12,12,64,,,364,382,knockout
3816,382,364,2700,3600,52.5,MEDIUM,0,group,21,10,11,18,,,364,382,knockout
3816,364,382,3600,4500,67.5,MEDIUM,0,group,83,11,11,43,,,364,382,knockout
3816,382,364,3600,4500,67.5,MEDIUM,0,group,25,11,11,22,,,364,382,knockout
3816,364,382,4500,5400,82.5,HIGH,0,group,60,11,11,41,,,364,382,knockout
3816,382,364,4500,5400,82.5,HIGH,0,group,9,8,6,9,,,364,382,knockout
3816,364,382,5400,6300,97.5,HIGH,0,group,45,10,10,32,,,364,382,knockout
3816,382,364,5400,6300,97.5,HIGH,0,group,10,7,6,10,,,364,382,knockout
3817,367,378,0,900,7.5,LOW,0,group,56,11,11,35,,,367,378,knockout
3817,378,367,0,900,7.5,LOW,0,group,78,11,11,46,,,367,378,knockout
3817,378,367,900,1800,22.5,LOW,0,group,45,9,11,32,,,367,378,knockout
3817,367,378,900,1800,22.5,LOW,0,group,78,11,11,49,,,367,378,knockout
3817,367,378,1800,2700,37.5,MEDIUM,0,group,91,11,11,52,,,367,378,knockout
3817,378,367,1800,2700,37.5,MEDIUM,0,group,35,11,11,29,,,367,378,knockout
3817,367,378,2700,3600,52.5,MEDIUM,0,group,129,11,11,59,,,367,378,knockout
3817,378,367,2700,3600,52.5,MEDIUM,0,group,64,11,11,42,,,367,378,knockout
3817,367,378,3600,4500,67.5,MEDIUM,0,group,77,12,12,44,,,367,378,knockout
3817,378,367,3600,4500,67.5,MEDIUM,-1,group,56,11,12,38,,,367,378,knockout
3817,367,378,4500,5400,82.5,HIGH,1,group,86,11,11,45,,,367,378,knockout
3817,378,367,4500,5400,82.5,HIGH,1,group,28,11,12,25,,,367,378,knockout
3817,378,367,5400,6300,97.5,LOW,2,group,4,4,3,4,,,367,378,knockout
3817,367,378,5400,6300,97.5,LOW,3,group,15,11,9,14,,,367,378,knockout
3818,58,376,0,900,7.5,LOW,3,group,63,10,11,39,,,58,376,knockout
3818,376,58,0,900,7.5,LOW,0,group,36,10,10,21,,,58,376,knockout
3818,376,58,900,1800,22.5,LOW,1,group,51,11,11,32,,,58,376,knockout
3818,58,376,900,1800,22.5,LOW,-1,group,71,11,11,51,,,58,376,knockout
3818,376,58,1800,2700,37.5,MEDIUM,-1,group,47,11,11,33,,,58,376,knockout
3818,58,376,1800,2700,37.5,MEDIUM,-2,group,84,11,11,47,,,58,376,knockout
3818,376,58,2700,3600,52.5,MEDIUM,-3,group,33,12,12,26,,,58,376,knockout
3818,58,376,2700,3600,52.5,MEDIUM,-3,group,71,10,10,38,,,58,376,knockout
3818,376,58,3600,4500,67.5,MEDIUM,0,group,28,10,10,24,,,58,376,knockout
3818,58,376,3600,4500,67.5,MEDIUM,0,group,56,12,12,38,,,58,376,knockout
3818,58,376,4500,5400,82.5,HIGH,0,group,50,11,12,38,,,58,376,knockout
3818,376,58,4500,5400,82.5,HIGH,0,group,47,11,11,35,,,58,376,knockout
3818,58,376,5400,6300,97.5,HIGH,0,group,36,10,10,27,,,58,376,knockout
3818,376,58,5400,6300,97.5,HIGH,0,group,15,8,9,15,,,58,376,knockout
3819,363,386,0,900,7.5,LOW,0,group,66,11,10,37,,,363,386,knockout
3819,386,363,0,900,7.5,LOW,0,group,69,11,11,33,,,363,386,knockout
3819,386,363,900,1800,22.5,LOW,0,group,42,11,11,31,,,363,386,knockout
3819,363,386,900,1800,22.5,LOW,0,group,87,10,11,47,,,363,386,knockout
3819,363,386,1800,2700,37.5,MEDIUM,0,group,134,11,11,64,,,363,386,knockout
3819,386,363,1800,2700,37.5,MEDIUM,0,group,57,11,11,40,,,363,386,knockout
3819,386,363,2700,3600,52.5,MEDIUM,0,group,80,11,11,51,,,363,386,knockout
3819,363,386,2700,3600,52.5,MEDIUM,0,group,145,11,11,58,,,363,386,knockout
3819,363,386,3600,4500,67.5,MEDIUM,0,group,77,11,11,44,,,363,386,knockout
3819,386,363,3600,4500,67.5,MEDIUM,0,group,33,10,10,28,,,363,386,knockout
3819,363,386,4500,5400,82.5,HIGH,-1,group,94,11,11,51,,,363,386,knockout
3819,386,363,4500,5400,82.5,HIGH,-1,group,72,13,13,44,,,363,386,knockout
3819,363,386,5400,6300,97.5,HIGH,-1,group,55,10,10,38,,,363,386,knockout
3819,386,363,5400,6300,97.5,HIGH,0,group,32,10,9,23,,,363,386,knockout
3820,374,371,0,900,7.5,LOW,1,group,65,10,10,38,,,374,371,knockout
3820,371,374,0,900,7.5,LOW,0,group,104,10,10,46,,,374,371,knockout
3820,371,374,900,1800,22.5,LOW,0,group,85,11,11,50,,,374,371,knockout
3820,374,371,900,1800,22.5,LOW,1,group,63,11,11,41,,,374,371,knockout
3820,371,374,1800,2700,37.5,LOW,1,group,80,11,11,44,,,374,371,knockout
3820,374,371,1800,2700,37.5,LOW,1,group,60,10,11,36,,,374,371,knockout
3820,371,374,2700,3600,52.5,MEDIUM,0,group,91,12,12,58,,,374,371,knockout
3820,374,371,2700,3600,52.5,MEDIUM,-1,group,22,9,9,18,,,374,371,knockout
3820,374,371,3600,4500,67.5,MEDIUM,0,group,30,11,12,28,,,374,371,knockout
3820,371,374,3600,4500,67.5,LOW,2,group,114,11,12,54,,,374,371,knockout
3820,371,374,4500,5400,82.5,LOW,3,group,74,9,11,43,,,374,371,knockout
3820,374,371,4500,5400,82.5,LOW,3,group,43,9,12,32,,,374,371,knockout
3820,371,374,5400,6300,97.5,LOW,4,group,30,10,10,26,,,374,371,knockout
3820,374,371,5400,6300,97.5,LOW,5,group,16,8,7,14,,,374,371,knockout
3821,368,57,0,900,7.5,LOW,7,group,153,11,11,61,,,368,57,knockout
3821,57,368,0,900,7.5,LOW,0,group,15,7,7,13,,,368,57,knockout
3821,368,57,900,1800,22.5,LOW,-2,group,127,11,11,53,,,368,57,knockout
3821,57,368,900,1800,22.5,LOW,-3,group,18,9,8,13,,,368,57,knockout
3821,368,57,1800,2700,37.5,MEDIUM,-3,group,120,11,11,58,,,368,57,knockout
3821,57,368,1800,2700,37.5,MEDIUM,-4,group,25,9,10,20,,,368,57,knockout
3821,57,368,2700,3600,52.5,MEDIUM,-5,group,65,12,13,45,,,368,57,knockout
3821,368,57,2700,3600,52.5,MEDIUM,-7,group,129,11,11,63,,,368,57,knockout
3821,57,368,3600,4500,67.5,MEDIUM,0,group,70,10,12,46,,,368,57,knockout
3821,368,57,3600,4500,67.5,MEDIUM,0,group,65,13,13,49,,,368,57,knockout
3821,368,57,4500,5400,82.5,HIGH,0,group,73,12,12,39,,,368,57,knockout
3821,57,368,4500,5400,82.5,HIGH,1,group,15,10,9,14,,,368,57,knockout
3821,368,57,5400,6300,97.5,HIGH,1,group,45,10,10,24,,,368,57,knockout
3821,57,368,5400,6300,97.5,HIGH,1,group,4,4,4,4,,,368,57,knockout
3822,52,385,0,900,7.5,LOW,1,group,167,11,11,62,,,52,385,knockout
3822,385,52,0,900,7.5,LOW,0,group,14,7,8,11,,,52,385,knockout
3822,52,385,900,1800,22.5,LOW,0,group,156,11,11,55,,,52,385,knockout
3822,385,52,900,1800,22.5,LOW,0,group,18,8,9,18,,,52,385,knockout
3822,385,52,1800,2700,37.5,MEDIUM,-1,group,41,11,11,35,,,52,385,knockout
3822,52,385,1800,2700,37.5,MEDIUM,-1,group,170,11,11,56,,,52,385,knockout
3822,52,385,2700,3600,52.5,MEDIUM,-1,group,202,12,13,70,,,52,385,knockout
3822,385,52,2700,3600,52.5,MEDIUM,-1,group,20,9,9,15,,,52,385,knockout
3822,52,385,3600,4500,67.5,MEDIUM,0,group,113,14,15,62,,,52,385,knockout
3822,385,52,3600,4500,67.5,MEDIUM,0,group,29,11,9,24,,,52,385,knockout
3822,385,52,4500,5400,82.5,HIGH,0,group,37,10,11,31,,,52,385,knockout
3822,52,385,4500,5400,82.5,HIGH,1,group,125,11,11,55,,,52,385,knockout
3822,385,52,5400,6300,97.5,HIGH,1,group,17,10,8,17,,,52,385,knockout
3822,52,385,5400,6300,97.5,HIGH,1,group,79,11,10,45,,,52,385,knockout
3823,380,362,0,900,7.5,LOW,1,group,55,11,11,39,,,362,380,knockout
3823,362,380,0,900,7.5,LOW,0,group,50,11,10,35,,,362,380,knockout
3823,380,362,900,1800,22.5,LOW,0,group,48,11,11,33,,,362,380,knockout
3823,362,380,900,1800,22.5,LOW,0,group,99,11,11,43,,,362,380,knockout
3823,380,362,1800,2700,37.5,MEDIUM,-1,group,53,11,11,40,,,362,380,knockout
3823,362,380,1800,2700,37.5,MEDIUM,-1,group,90,11,11,45,,,362,380,knockout
3823,362,380,2700,3600,52.5,MEDIUM,-1,group,91,13,12,51,,,362,380,knockout
3823,380,362,2700,3600,52.5,MEDIUM,-1,group,68,11,12,42,,,362,380,knockout
3823,362,380,3600,4500,67.5,MEDIUM,0,group,69,12,12,51,,,362,380,knockout
3823,380,362,3600,4500,67.5,MEDIUM,0,group,75,12,12,53,,,362,380,knockout
3823,362,380,4500,5400,82.5,HIGH,0,group,30,11,10,23,,,362,380,knockout
3823,380,362,4500,5400,82.5,HIGH,0,group,79,13,13,47,,,362,380,knockout
3823,362,380,5400,6300,97.5,HIGH,0,group,26,11,10,22,,,362,380,knockout
3823,380,362,5400,6300,97.5,HIGH,0,group,14,8,8,10,,,362,380,knockout
3824,370,379,0,900,7.5,LOW,0,group,98,11,11,53,,,370,379,knockout
3824,379,370,0,900,7.5,LOW,0,group,58,11,11,40,,,370,379,knockout
3824,370,379,900,1800,22.5,LOW,0,group,88,11,11,54,,,370,379,knockout
3824,379,370,900,1800,22.5,LOW,0,group,69,10,11,47,,,370,379,knockout
3824,379,370,1800,2700,37.5,MEDIUM,0,group,106,11,11,56,,,370,379,knockout
3824,370,379,1800,2700,37.5,MEDIUM,0,group,60,11,11,45,,,370,379,knockout
3824,370,379,2700,3600,52.5,MEDIUM,0,group,84,11,11,50,,,370,379,knockout
3824,379,370,2700,3600,52.5,MEDIUM,0,group,52,11,11,36,,,370,379,knockout
3824,379,370,3600,4500,67.5,MEDIUM,0,group,60,12,12,37,,,370,379,knockout
3824,370,379,3600,4500,67.5,MEDIUM,0,group,26,11,9,24,,,370,379,knockout
3824,379,370,4500,5400,82.5,HIGH,0,group,74,12,12,49,,,370,379,knockout
3824,370,379,4500,5400,82.5,HIGH,0,group,42,12,12,34,,,370,379,knockout
3824,370,379,5400,6300,97.5,HIGH,1,group,52,11,11,41,,,370,379,knockout
3824,379,370,5400,6300,97.5,LOW,2,group,12,8,8,10,,,370,379,knockout
3825,377,369,0,900,7.5,LOW,1,group,65,10,11,42,,,369,377,knockout
3825,369,377,0,900,7.5,LOW,0,group,46,11,11,33,,,369,377,knockout
3825,377,369,900,1800,22.5,LOW,0,group,55,10,11,40,,,369,377,knockout
3825,369,377,900,1800,22.5,LOW,0,group,78,10,10,41,,,369,377,knockout
3825,377,369,1800,2700,37.5,MEDIUM,0,group,84,9,11,46,,,369,377,knockout
3825,369,377,1800,2700,37.5,MEDIUM,-1,group,69,10,10,36,,,369,377,knockout
3825,369,377,2700,3600,52.5,MEDIUM,-2,group,70,11,11,43,,,369,377,knockout
3825,377,369,2700,3600,52.5,MEDIUM,-1,group,47,11,11,35,,,369,377,knockout
3825,369,377,3600,4500,67.5,MEDIUM,0,group,87,10,10,43,,,369,377,knockout
3825,377,369,3600,4500,67.5,MEDIUM,0,group,45,13,11,39,,,369,377,knockout
3825,369,377,4500,5400,82.5,HIGH,0,group,82,12,13,47,,,369,377,knockout
3825,377,369,4500,5400,82.5,HIGH,0,group,36,11,10,27,,,369,377,knockout
3825,369,377,5400,6300,97.5,HIGH,1,group,41,11,10,34,,,369,377,knockout
3825,377,369,5400,6300,97.5,LOW,2,group,26,8,10,22,,,369,377,knockout
3826,365,383,0,900,7.5,LOW,2,group,130,11,12,63,,,365,383,knockout
3826,383,365,0,900,7.5,LOW,0,group,49,11,11,36,,,365,383,knockout
3826,383,365,900,1800,22.5,LOW,0,group,47,11,11,36,,,365,383,knockout
3826,365,383,900,1800,22.5,LOW,0,group,127,11,11,60,,,365,383,knockout
3826,383,365,1800,2700,37.5,MEDIUM,0,group,42,10,10,29,,,365,383,knockout
3826,365,383,1800,2700,37.5,MEDIUM,-1,group,87,11,11,53,,,365,383,knockout
3826,365,383,2700,3600,52.5,MEDIUM,-2,group,77,12,12,47,,,365,383,knockout
3826,383,365,2700,3600,52.5,MEDIUM,-2,group,45,10,10,32,,,365,383,knockout
3826,383,365,3600,4500,67.5,MEDIUM,0,group,53,11,11,39,,,365,383,knockout
3826,365,383,3600,4500,67.5,MEDIUM,0,group,69,11,11,50,,,365,383,knockout
3826,365,383,4500,5400,82.5,HIGH,0,group,47,12,12,32,,,365,383,knockout
3826,383,365,4500,5400,82.5,HIGH,0,group,66,11,10,42,,,365,383,knockout
3826,383,365,5400,6300,97.5,HIGH,0,group,25,10,9,21,,,365,383,knockout
3826,365,383,5400,6300,97.5,HIGH,0,group,34,9,7,21,,,365,383,knockout
3827,361,375,0,900,7.5,LOW,0,group,81,11,11,49,,,361,375,knockout
3827,375,361,0,900,7.5,LOW,0,group,57,11,11,40,,,361,375,knockout
3827,375,361,900,1800,22.5,LOW,0,group,70,11,11,48,,,361,375,knockout
3827,361,375,900,1800,22.5,LOW,0,group,105,11,11,47,,,361,375,knockout
3827,361,375,1800,2700,37.5,MEDIUM,0,group,93,11,11,46,,,361,375,knockout
3827,375,361,1800,2700,37.5,MEDIUM,0,group,65,10,11,42,,,361,375,knockout
3827,375,361,2700,3600,52.5,MEDIUM,0,group,36,11,12,27,,,361,375,knockout
3827,361,375,2700,3600,52.5,MEDIUM,0,group,78,11,10,45,,,361,375,knockout
3827,361,375,3600,4500,67.5,MEDIUM,0,group,43,11,10,31,,,361,375,knockout
3827,375,361,3600,4500,67.5,MEDIUM,0,group,44,13,13,34,,,361,375,knockout
3827,375,361,4500,5400,82.5,HIGH,0,group,35,11,11,29,,,361,375,knockout
3827,361,375,4500,5400,82.5,HIGH,-2,group,113,13,13,59,,,361,375,knockout
3827,375,361,5400,6300,97.5,HIGH,-2,group,40,10,10,29,,,361,375,knockout
3827,361,375,5400,6300,97.5,HIGH,-1,group,24,10,11,22,,,361,375,knockout
3828,384,373,0,900,7.5,LOW,-2,group,83,11,11,43,,,384,373,knockout
3828,373,384,0,900,7.5,LOW,0,group,46,11,11,35,,,384,373,knockout
3828,384,373,900,1800,22.5,LOW,0,group,77,11,11,49,,,384,373,knockout
3828,373,384,900,1800,22.5,LOW,0,group,18,9,8,15,,,384,373,knockout
3828,384,373,1800,2700,37.5,LOW,2,group,77,10,11,45,,,384,373,knockout
3828,373,384,1800,2700,37.5,LOW,2,group,30,9,11,24,,,384,373,knockout
3828,384,373,2700,3600,52.5,LOW,1,group,74,12,12,50,,,384,373,knockout
3828,373,384,2700,3600,52.5,LOW,2,group,49,11,11,33,,,384,373,knockout
3828,384,373,3600,4500,67.5,MEDIUM,1,group,59,11,11,41,,,384,373,knockout
3828,373,384,3600,4500,67.5,MEDIUM,1,group,29,10,9,22,,,384,373,knockout
3828,384,373,4500,5400,82.5,HIGH,1,group,50,12,12,34,,,384,373,knockout
3828,373,384,4500,5400,82.5,HIGH,0,group,22,10,7,20,,,384,373,knockout
3828,373,384,5400,6300,97.5,HIGH,0,group,32,11,8,24,,,384,373,knockout
3828,384,373,5400,6300,97.5,HIGH,0,group,12,8,6,11,,,384,373,knockout
3829,360,372,0,900,7.5,LOW,0,group,48,10,11,33,,,360,372,knockout
3829,372,360,0,900,7.5,LOW,-1,group,102,10,11,45,,,360,372,knockout
3829,372,360,900,1800,22.5,LOW,-1,group,65,9,10,35,,,360,372,knockout
3829,360,372,900,1800,22.5,LOW,-1,group,37,10,11,26,,,360,372,knockout
3829,360,372,1800,2700,37.5,MEDIUM,0,group,41,11,11,30,,,360,372,knockout
3829,372,360,1800,2700,37.5,MEDIUM,0,group,53,11,11,33,,,360,372,knockout
3829,372,360,2700,3600,52.5,MEDIUM,0,group,106,11,11,58,,,360,372,knockout
3829,360,372,2700,3600,52.5,MEDIUM,0,group,91,11,11,64,,,360,372,knockout
3829,360,372,3600,4500,67.5,MEDIUM,0,group,62,12,11,47,,,360,372,knockout
3829,372,360,3600,4500,67.5,MEDIUM,0,group,47,13,13,34,,,360,372,knockout
3829,360,372,4500,5400,82.5,HIGH,0,group,62,12,12,41,,,360,372,knockout
3829,372,360,4500,5400,82.5,HIGH,0,group,43,11,11,31,,,360,372,knockout
3829,372,360,5400,6300,97.5,HIGH,0,group,40,10,10,29,,,360,372,knockout
3829,360,372,5400,6300,97.5,HIGH,0,group,15,10,9,14,,,360,372,knockout
3830,381,366,0,900,7.5,LOW,0,group,85,11,11,53,,,366,381,knockout
3830,366,381,0,900,7.5,LOW,0,group,66,11,11,42,,,366,381,knockout
3830,366,381,900,1800,22.5,LOW,0,group,70,11,11,39,,,366,381,knockout
3830,381,366,900,1800,22.5,LOW,0,group,68,11,11,40,,,366,381,knockout
3830,381,366,1800,2700,37.5,MEDIUM,0,group,71,11,11,42,,,366,381,knockout
3830,366,381,1800,2700,37.5,MEDIUM,0,group,79,11,11,43,,,366,381,knockout
3830,381,366,2700,3600,52.5,MEDIUM,0,group,30,9,11,22,,,366,381,knockout
3830,366,381,2700,3600,52.5,MEDIUM,0,group,66,9,12,41,,,366,381,knockout
3830,366,381,3600,4500,67.5,MEDIUM,0,group,86,12,12,55,,,366,381,knockout
3830,381,366,3600,4500,67.5,MEDIUM,-1,group,27,10,8,22,,,366,381,knockout
3830,366,381,4500,5400,82.5,HIGH,-1,group,58,10,11,35,,,366,381,knockout
3830,381,366,4500,5400,82.5,HIGH,-1,group,58,11,11,39,,,366,381,knockout
3830,366,381,5400,6300,97.5,HIGH,-1,group,23,7,9,19,,,366,381,knockout
3830,381,366,5400,6300,97.5,HIGH,-1,group,14,7,8,13,,,366,381,knockout
3831,50,51,0,900,7.5,LOW,0,group,106,11,11,46,,,50,51,knockout
3831,51,50,0,900,7.5,LOW,0,group,49,11,11,35,,,50,51,knockout
3831,51,50,900,1800,22.5,LOW,1,group,69,10,10,42,,,50,51,knockout
3831,50,51,900,1800,22.5,LOW,1,group,100,11,11,54,,,50,51,knockout
3831,51,50,1800,2700,37.5,LOW,1,group,44,11,10,32,,,50,51,knockout
3831,50,51,1800,2700,37.5,LOW,1,group,66,11,11,45,,,50,51,knockout
3831,50,51,2700,3600,52.5,LOW,1,group,80,11,11,49,,,50,51,knockout
3831,51,50,2700,3600,52.5,MEDIUM,0,group,69,11,11,36,,,50,51,knockout
3831,51,50,3600,4500,67.5,MEDIUM,0,group,62,11,11,42,,,50,51,knockout
3831,50,51,3600,4500,67.5,MEDIUM,0,group,73,13,13,46,,,50,51,knockout
3831,50,51,4500,5400,82.5,HIGH,1,group,73,12,12,40,,,50,51,knockout
3831,51,50,4500,5400,82.5,HIGH,1,group,78,12,12,45,,,50,51,knockout
3831,51,50,5400,6300,97.5,LOW,2,group,10,8,6,10,,,50,51,knockout
10502,366,51,0,900,7.5,LOW,2,group,66,11,11,39,,,366,51,knockout
10502,51,366,0,900,7.5,LOW,0,group,66,11,11,37,,,366,51,knockout
10502,366,51,900,1800,22.5,LOW,0,group,57,11,11,43,,,366,51,knockout
10502,51,366,900,1800,22.5,LOW,0,group,84,11,11,43,,,366,51,knockout
10502,51,366,1800,2700,37.5,MEDIUM,-1,group,136,11,11,62,,,366,51,knockout
10502,366,51,1800,2700,37.5,MEDIUM,-1,group,23,10,11,23,,,366,51,knockout
10502,51,366,2700,3600,52.5,MEDIUM,-2,group,57,11,11,37,,,366,51,knockout
10502,366,51,2700,3600,52.5,MEDIUM,-2,group,79,13,12,46,,,366,51,knockout
10502,366,51,3600,4500,67.5,MEDIUM,0,group,60,11,11,43,,,366,51,knockout
10502,51,366,3600,4500,67.5,MEDIUM,0,group,50,13,13,40,,,366,51,knockout
10502,51,366,4500,5400,82.5,HIGH,0,group,76,11,10,48,,,366,51,knockout
10502,366,51,4500,5400,82.5,HIGH,0,group,42,11,12,32,,,366,51,knockout
10502,51,366,5400,6300,97.5,HIGH,0,group,32,11,12,29,,,366,51,knockout
10502,366,51,5400,6300,97.5,HIGH,0,group,5,5,3,5,,,366,51,knockout
10503,386,364,0,900,7.5,LOW,1,group,38,11,11,29,,,364,386,knockout
10503,364,386,0,900,7.5,LOW,0,group,158,11,11,54,,,364,386,knockout
10503,364,386,900,1800,22.5,LOW,0,group,89,11,11,46,,,364,386,knockout
10503,386,364,900,1800,22.5,LOW,0,group,115,11,11,51,,,364,386,knockout
10503,364,386,1800,2700,37.5,MEDIUM,0,group,99,11,11,49,,,364,386,knockout
10503,386,364,1800,2700,37.5,MEDIUM,0,group,42,9,11,29,,,364,386,knockout
10503,386,364,2700,3600,52.5,MEDIUM,0,group,67,9,11,39,,,364,386,knockout
10503,364,386,2700,3600,52.5,MEDIUM,-1,group,124,12,12,60,,,364,386,knockout
10503,364,386,3600,4500,67.5,MEDIUM,0,group,87,13,13,53,,,364,386,knockout
10503,386,364,3600,4500,67.5,MEDIUM,0,group,58,12,12,39,,,364,386,knockout
10503,386,364,4500,5400,82.5,HIGH,0,group,46,10,11,35,,,364,386,knockout
10503,364,386,4500,5400,82.5,HIGH,0,group,49,10,10,32,,,364,386,knockout
10503,364,386,5400,6300,97.5,HIGH,-1,group,25,10,6,20,,,364,386,knockout
10503,386,364,5400,6300,97.5,HIGH,-1,group,17,8,9,16,,,364,386,knockout
10504,363,376,0,900,7.5,LOW,-2,group,100,11,11,56,,,363,376,knockout
10504,376,363,0,900,7.5,LOW,0,group,35,10,11,27,,,363,376,knockout
10504,363,376,900,1800,22.5,LOW,0,group,63,11,10,36,,,363,376,knockout
10504,376,363,900,1800,22.5,LOW,0,group,102,11,11,45,,,363,376,knockout
10504,363,376,1800,2700,37.5,MEDIUM,0,group,70,11,11,39,,,363,376,knockout
10504,376,363,1800,2700,37.5,LOW,1,group,51,10,11,34,,,363,376,knockout
10504,376,363,2700,3600,52.5,LOW,1,group,67,11,11,42,,,363,376,knockout
10504,363,376,2700,3600,52.5,LOW,2,group,81,11,11,46,,,363,376,knockout
10504,376,363,3600,4500,67.5,MEDIUM,0,group,60,13,13,48,,,363,376,knockout
10504,363,376,3600,4500,67.5,MEDIUM,0,group,79,12,12,46,,,363,376,knockout
10504,376,363,4500,5400,82.5,HIGH,0,group,59,12,12,39,,,363,376,knockout
10504,363,376,4500,5400,82.5,HIGH,0,group,92,11,11,48,,,363,376,knockout
10504,363,376,5400,6300,97.5,HIGH,0,group,15,7,7,13,,,363,376,knockout
10504,376,363,5400,6300,97.5,HIGH,-1,group,21,8,7,17,,,363,376,knockout
10505,372,50,0,900,7.5,LOW,-1,group,37,10,11,27,,,50,372,knockout
10505,50,372,0,900,7.5,LOW,0,group,100,11,11,49,,,50,372,knockout
10505,372,50,900,1800,22.5,LOW,0,group,36,11,11,30,,,50,372,knockout
10505,50,372,900,1800,22.5,LOW,0,group,111,11,11,49,,,50,372,knockout
10505,372,50,1800,2700,37.5,MEDIUM,0,group,45,11,11,33,,,50,372,knockout
10505,50,372,1800,2700,37.5,MEDIUM,0,group,54,11,11,42,,,50,372,knockout
10505,50,372,2700,3600,52.5,LOW,1,group,112,11,11,56,,,50,372,knockout
10505,372,50,2700,3600,52.5,LOW,1,group,61,13,12,45,,,50,372,knockout
10505,372,50,3600,4500,67.5,MEDIUM,0,group,46,12,12,35,,,50,372,knockout
10505,50,372,3600,4500,67.5,MEDIUM,0,group,77,12,13,43,,,50,372,knockout
10505,50,372,4500,5400,82.5,HIGH,0,group,68,12,12,46,,,50,372,knockout
10505,372,50,4500,5400,82.5,HIGH,0,group,72,11,12,48,,,50,372,knockout
10505,50,372,5400,6300,97.5,HIGH,0,group,4,4,3,4,,,50,372,knockout
10505,372,50,5400,6300,97.5,HIGH,-1,group,16,9,7,15,,,50,372,knockout
10507,377,361,0,900,7.5,LOW,-2,group,45,11,11,41,,,361,377,knockout
10507,361,377,0,900,7.5,LOW,0,group,75,11,11,47,,,361,377,knockout
10507,377,361,900,1800,22.5,LOW,0,group,66,11,10,47,,,361,377,knockout
10507,361,377,900,1800,22.5,LOW,0,group,87,11,11,46,,,361,377,knockout
10507,377,361,1800,2700,37.5,MEDIUM,0,group,89,11,10,47,,,361,377,knockout
10507,361,377,1800,2700,37.5,MEDIUM,0,group,106,11,11,53,,,361,377,knockout
10507,361,377,2700,3600,52.5,LOW,1,group,120,11,11,57,,,361,377,knockout
10507,377,361,2700,3600,52.5,LOW,2,group,106,13,13,65,,,361,377,knockout
10507,361,377,3600,4500,67.5,MEDIUM,-1,group,73,14,14,43,,,361,377,knockout
10507,377,361,3600,4500,67.5,MEDIUM,-1,group,75,12,11,52,,,361,377,knockout
10507,361,377,4500,5400,82.5,HIGH,0,group,81,12,11,50,,,361,377,knockout
10507,377,361,4500,5400,82.5,HIGH,1,group,72,9,11,40,,,361,377,knockout
10507,377,361,5400,6300,97.5,HIGH,1,group,30,10,9,26,,,361,377,knockout
10507,361,377,5400,6300,97.5,LOW,2,group,16,8,8,14,,,361,377,knockout
10509,370,365,0,900,7.5,LOW,3,group,78,11,11,44,,,365,370,knockout
10509,365,370,0,900,7.5,LOW,1,group,91,10,11,53,,,365,370,knockout
10509,365,370,900,1800,22.5,LOW,1,group,57,10,11,43,,,365,370,knockout
10509,370,365,900,1800,22.5,LOW,0,group,44,11,11,37,,,365,370,knockout
10509,365,370,1800,2700,37.5,MEDIUM,-1,group,62,11,11,43,,,365,370,knockout
10509,370,365,1800,2700,37.5,MEDIUM,-1,group,68,11,11,42,,,365,370,knockout
10509,365,370,2700,3600,52.5,MEDIUM,-2,group,57,11,11,41,,,365,370,knockout
10509,370,365,2700,3600,52.5,MEDIUM,-3,group,79,13,14,49,,,365,370,knockout
10509,370,365,3600,4500,67.5,MEDIUM,0,group,67,11,11,39,,,365,370,knockout
10509,365,370,3600,4500,67.5,MEDIUM,0,group,40,11,11,31,,,365,370,knockout
10509,365,370,4500,5400,82.5,HIGH,0,group,64,11,13,51,,,365,370,knockout
10509,370,365,4500,5400,82.5,HIGH,0,group,90,12,12,52,,,365,370,knockout
10509,365,370,5400,6300,97.5,HIGH,1,group,22,9,10,18,,,365,370,knockout
10509,370,365,5400,6300,97.5,HIGH,0,group,9,8,7,9,,,365,370,knockout
10512,365,374,0,900,7.5,LOW,0,group,124,10,11,47,,,374,365,knockout
10512,374,365,0,900,7.5,LOW,0,group,28,11,11,20,,,374,365,knockout
10512,365,374,900,1800,22.5,LOW,0,group,83,11,11,50,,,374,365,knockout
10512,374,365,900,1800,22.5,LOW,0,group,51,10,11,39,,,374,365,knockout
10512,365,374,1800,2700,37.5,MEDIUM,0,group,72,10,10,45,,,374,365,knockout
10512,374,365,1800,2700,37.5,MEDIUM,-1,group,54,11,11,38,,,374,365,knockout
10512,365,374,2700,3600,52.5,MEDIUM,0,group,101,12,11,56,,,374,365,knockout
10512,374,365,2700,3600,52.5,MEDIUM,0,group,14,8,8,13,,,374,365,knockout
10512,365,374,3600,4500,67.5,MEDIUM,0,group,97,11,11,52,,,374,365,knockout
10512,374,365,3600,4500,67.5,MEDIUM,0,group,15,10,10,14,,,374,365,knockout
10512,365,374,4500,5400,82.5,HIGH,-1,group,96,12,11,47,,,374,365,knockout
10512,374,365,4500,5400,82.5,LOW,2,group,13,10,6,13,,,374,365,knockout
10512,365,374,5400,6300,97.5,HIGH,0,group,32,6,8,18,,,374,365,knockout
10512,374,365,5400,6300,97.5,HIGH,0,group,5,3,3,4,,,374,365,knockout
10513,363,50,0,900,7.5,LOW,0,group,73,11,10,38,,,50,363,knockout
10513,50,363,0,900,7.5,LOW,0,group,75,11,10,39,,,50,363,knockout
10513,50,363,900,1800,22.5,LOW,0,group,101,11,10,46,,,50,363,knockout
10513,363,50,900,1800,22.5,LOW,1,group,34,10,10,30,,,50,363,knockout
10513,50,363,1800,2700,37.5,MEDIUM,-2,group,85,10,10,46,,,50,363,knockout
10513,363,50,1800,2700,37.5,MEDIUM,0,group,74,11,11,45,,,50,363,knockout
10513,50,363,2700,3600,52.5,MEDIUM,0,group,95,11,11,52,,,50,363,knockout
10513,363,50,2700,3600,52.5,MEDIUM,0,group,63,11,11,46,,,50,363,knockout
10513,363,50,3600,4500,67.5,MEDIUM,0,group,47,11,11,37,,,50,363,knockout
10513,50,363,3600,4500,67.5,MEDIUM,0,group,50,11,11,36,,,50,363,knockout
10513,50,363,4500,5400,82.5,HIGH,-2,group,25,10,10,20,,,50,363,knockout
10513,363,50,4500,5400,82.5,HIGH,-2,group,20,10,7,17,,,50,363,knockout
10513,363,50,5400,6300,97.5,HIGH,0,group,11,6,8,10,,,50,363,knockout
10513,50,363,5400,6300,97.5,HIGH,-1,group,26,10,9,24,,,50,363,knockout
10514,371,364,0,900,7.5,LOW,-1,group,123,11,11,52,,,364,371,knockout
10514,364,371,0,900,7.5,LOW,0,group,66,11,11,42,,,364,371,knockout
10514,371,364,900,1800,22.5,LOW,0,group,71,11,11,42,,,364,371,knockout
10514,364,371,900,1800,22.5,LOW,2,group,83,11,10,48,,,364,371,knockout
10514,371,364,1800,2700,37.5,LOW,2,group,82,11,11,51,,,364,371,knockout
10514,364,371,1800,2700,37.5,MEDIUM,0,group,23,10,8,15,,,364,371,knockout
10514,364,371,2700,3600,52.5,LOW,1,group,68,11,11,42,,,364,371,knockout
10514,371,364,2700,3600,52.5,LOW,1,group,118,14,13,62,,,364,371,knockout
10514,371,364,3600,4500,67.5,MEDIUM,0,group,57,12,12,36,,,364,371,knockout
10514,364,371,3600,4500,67.5,MEDIUM,0,group,33,11,11,29,,,364,371,knockout
10514,364,371,4500,5400,82.5,HIGH,0,group,75,13,13,54,,,364,371,knockout
10514,371,364,4500,5400,82.5,HIGH,0,group,66,11,12,47,,,364,371,knockout
10514,364,371,5400,6300,97.5,HIGH,0,group,6,4,4,6,,,364,371,knockout
10514,371,364,5400,6300,97.5,HIGH,1,group,32,11,11,28,,,364,371,knockout
10515,374,363,0,900,7.5,LOW,1,group,95,11,11,55,,,363,374,knockout
10515,363,374,0,900,7.5,LOW,0,group,59,10,10,42,,,363,374,knockout
10515,363,374,900,1800,22.5,LOW,0,group,64,10,11,40,,,363,374,knockout
10515,374,363,900,1800,22.5,LOW,0,group,76,11,11,44,,,363,374,knockout
10515,374,363,1800,2700,37.5,MEDIUM,0,group,57,10,10,35,,,363,374,knockout
10515,363,374,1800,2700,37.5,MEDIUM,0,group,59,10,11,37,,,363,374,knockout
10515,374,363,2700,3600,52.5,MEDIUM,-1,group,112,11,10,49,,,363,374,knockout
10515,363,374,2700,3600,52.5,MEDIUM,-1,group,40,10,9,27,,,363,374,knockout
10515,374,363,3600,4500,67.5,MEDIUM,0,group,84,9,10,42,,,363,374,knockout
10515,363,374,3600,4500,67.5,MEDIUM,0,group,40,9,11,23,,,363,374,knockout
10515,374,363,4500,5400,82.5,HIGH,0,group,62,11,10,35,,,363,374,knockout
10515,363,374,4500,5400,82.5,HIGH,0,group,52,12,12,42,,,363,374,knockout
10515,374,363,5400,6300,97.5,HIGH,1,group,30,10,11,27,,,363,374,knockout
10515,363,374,5400,6300,97.5,HIGH,1,group,6,4,5,6,,,363,374,knockout
10516,371,374,0,900,7.5,LOW,2,group,72,11,11,47,,,371,374,knockout
10516,374,371,0,900,7.5,LOW,0,group,71,11,11,39,,,371,374,knockout
10516,371,374,900,1800,22.5,LOW,0,group,86,11,10,39,,,371,374,knockout
10516,374,371,900,1800,22.5,LOW,0,group,61,10,11,36,,,371,374,knockout
10516,374,371,1800,2700,37.5,MEDIUM,0,group,35,10,8,25,,,371,374,knockout
10516,371,374,1800,2700,37.5,MEDIUM,-1,group,94,11,11,43,,,371,374,knockout
10516,371,374,2700,3600,52.5,MEDIUM,-1,group,80,11,11,49,,,371,374,knockout
10516,374,371,2700,3600,52.5,MEDIUM,-2,group,80,12,12,48,,,371,374,knockout
10516,371,374,3600,4500,67.5,MEDIUM,0,group,52,12,12,37,,,371,374,knockout
10516,374,371,3600,4500,67.5,MEDIUM,0,group,74,14,15,49,,,371,374,knockout
10516,371,374,4500,5400,82.5,HIGH,0,group,45,11,11,33,,,371,374,knockout
10516,374,371,4500,5400,82.5,HIGH,1,group,75,10,10,47,,,371,374,knockout
10516,374,371,5400,6300,97.5,HIGH,0,group,23,8,9,16,,,371,374,knockout
10516,371,374,5400,6300,97.5,HIGH,1,group,5,3,5,5,,,371,374,knockout
3834,367,363,0,900,7.5,LOW,1,group,91,11,11,52,,,363,367,knockout
3834,363,367,0,900,7.5,LOW,0,group,110,10,10,52,,,363,367,knockout
3834,367,363,900,1800,22.5,LOW,0,group,90,11,11,45,,,363,367,knockout
3834,363,367,900,1800,22.5,LOW,0,group,51,11,11,37,,,363,367,knockout
3834,367,363,1800,2700,37.5,MEDIUM,-1,group,59,11,10,31,,,363,367,knockout
3834,363,367,1800,2700,37.5,MEDIUM,0,group,58,11,10,37,,,363,367,knockout
3834,367,363,2700,3600,52.5,MEDIUM,-1,group,63,11,12,42,,,363,367,knockout
3834,363,367,2700,3600,52.5,MEDIUM,-1,group,97,11,11,50,,,363,367,knockout
3834,363,367,3600,4500,67.5,MEDIUM,0,group,51,12,12,35,,,363,367,knockout
3834,367,363,3600,4500,67.5,MEDIUM,0,group,71,11,11,40,,,363,367,knockout
3834,363,367,4500,5400,82.5,HIGH,-1,group,64,11,11,46,,,363,367,knockout
3834,367,363,4500,5400,82.5,HIGH,-2,group,55,12,11,39,,,363,367,knockout
3834,363,367,5400,6300,97.5,HIGH,-2,group,26,9,11,19,,,363,367,knockout
3834,367,363,5400,6300,97.5,HIGH,-2,group,42,8,10,26,,,363,367,knockout
3835,58,364,0,900,7.5,LOW,-2,group,30,10,11,21,,,364,58,knockout
3835,364,58,0,900,7.5,LOW,0,group,108,10,11,50,,,364,58,knockout
3835,58,364,900,1800,22.5,LOW,0,group,48,11,11,31,,,364,58,knockout
3835,364,58,900,1800,22.5,LOW,1,group,72,10,11,43,,,364,58,knockout
3835,58,364,1800,2700,37.5,LOW,2,group,17,9,10,15,,,364,58,knockout
3835,364,58,1800,2700,37.5,LOW,2,group,53,10,10,37,,,364,58,knockout
3835,364,58,2700,3600,52.5,LOW,2,group,145,12,12,71,,,364,58,knockout
3835,58,364,2700,3600,52.5,LOW,2,group,50,12,11,35,,,364,58,knockout
3835,364,58,3600,4500,67.5,MEDIUM,0,group,57,14,14,44,,,364,58,knockout
3835,58,364,3600,4500,67.5,MEDIUM,0,group,49,13,12,31,,,364,58,knockout
3835,58,364,4500,5400,82.5,HIGH,0,group,66,12,13,48,,,364,58,knockout
3835,364,58,4500,5400,82.5,LOW,2,group,31,9,10,23,,,364,58,knockout
3835,364,58,5400,6300,97.5,LOW,2,group,9,6,7,9,,,364,58,knockout
3835,58,364,5400,6300,97.5,LOW,3,group,46,9,10,28,,,364,58,knockout
3836,385,57,0,900,7.5,LOW,3,group,56,11,11,35,,,57,385,knockout
3836,57,385,0,900,7.5,LOW,0,group,78,11,10,44,,,57,385,knockout
3836,57,385,900,1800,22.5,LOW,0,group,66,8,10,32,,,57,385,knockout
3836,385,57,900,1800,22.5,LOW,0,group,129,10,11,52,,,57,385,knockout
3836,385,57,1800,2700,37.5,MEDIUM,-2,group,103,11,11,52,,,57,385,knockout
3836,57,385,1800,2700,37.5,MEDIUM,-2,group,70,11,11,40,,,57,385,knockout
3836,57,385,2700,3600,52.5,MEDIUM,-3,group,106,9,12,44,,,57,385,knockout
3836,385,57,2700,3600,52.5,MEDIUM,-3,group,30,10,11,26,,,57,385,knockout
3836,57,385,3600,4500,67.5,MEDIUM,0,group,100,12,12,46,,,57,385,knockout
3836,385,57,3600,4500,67.5,MEDIUM,0,group,17,7,7,15,,,57,385,knockout
3836,57,385,4500,5400,82.5,HIGH,0,group,90,12,12,44,,,57,385,knockout
3836,385,57,4500,5400,82.5,HIGH,1,group,34,10,10,29,,,57,385,knockout
3836,57,385,5400,6300,97.5,HIGH,1,group,19,8,10,15,,,57,385,knockout
3836,385,57,5400,6300,97.5,HIGH,1,group,6,5,4,5,,,57,385,knockout
3837,362,374,0,900,7.5,LOW,1,group,107,11,11,49,,,362,374,knockout
3837,374,362,0,900,7.5,LOW,0,group,28,9,8,19,,,362,374,knockout
3837,362,374,900,1800,22.5,LOW,0,group,91,10,11,45,,,362,374,knockout
3837,374,362,900,1800,22.5,LOW,0,group,56,11,11,38,,,362,374,knockout
3837,362,374,1800,2700,37.5,MEDIUM,-1,group,119,11,11,53,,,362,374,knockout
3837,374,362,1800,2700,37.5,MEDIUM,-1,group,43,11,10,34,,,362,374,knockout
3837,374,362,2700,3600,52.5,MEDIUM,-1,group,75,11,11,45,,,362,374,knockout
3837,362,374,2700,3600,52.5,MEDIUM,-1,group,94,11,11,51,,,362,374,knockout
3837,362,374,3600,4500,67.5,MEDIUM,0,group,87,12,12,51,,,362,374,knockout
3837,374,362,3600,4500,67.5,MEDIUM,0,group,50,13,12,41,,,362,374,knockout
3837,362,374,4500,5400,82.5,HIGH,0,group,94,11,12,56,,,362,374,knockout
3837,374,362,4500,5400,82.5,HIGH,0,group,26,10,9,23,,,362,374,knockout
3837,374,362,5400,6300,97.5,HIGH,-1,group,6,5,5,6,,,362,374,knockout
3837,362,374,5400,6300,97.5,HIGH,-1,group,15,6,5,12,,,362,374,knockout
3838,371,380,0,900,7.5,LOW,-1,group,78,11,11,48,,,371,380,knockout
3838,380,371,0,900,7.5,LOW,0,group,61,11,11,46,,,371,380,knockout
3838,371,380,900,1800,22.5,LOW,0,group,90,11,10,46,,,371,380,knockout
3838,380,371,900,1800,22.5,LOW,0,group,79,11,11,49,,,371,380,knockout
3838,380,371,1800,2700,37.5,MEDIUM,0,group,33,9,10,27,,,371,380,knockout
3838,371,380,1800,2700,37.5,LOW,1,group,66,11,11,47,,,371,380,knockout
3838,371,380,2700,3600,52.5,LOW,1,group,87,11,11,49,,,371,380,knockout
3838,380,371,2700,3600,52.5,LOW,1,group,106,12,13,56,,,371,380,knockout
3838,371,380,3600,4500,67.5,MEDIUM,0,group,34,11,12,30,,,371,380,knockout
3838,380,371,3600,4500,67.5,MEDIUM,0,group,63,12,13,41,,,371,380,knockout
3838,371,380,4500,5400,82.5,HIGH,0,group,34,12,12,30,,,371,380,knockout
3838,380,371,4500,5400,82.5,HIGH,0,group,71,10,10,46,,,371,380,knockout
3838,380,371,5400,6300,97.5,HIGH,-1,group,25,10,10,24,,,371,380,knockout
3838,371,380,5400,6300,97.5,HIGH,-1,group,8,6,5,7,,,371,380,knockout
3839,52,368,0,900,7.5,LOW,-1,group,150,11,11,65,,,52,368,knockout
3839,368,52,0,900,7.5,LOW,0,group,43,11,11,32,,,52,368,knockout
3839,368,52,900,1800,22.5,LOW,0,group,70,11,11,41,,,52,368,knockout
3839,52,368,900,1800,22.5,LOW,0,group,75,10,10,39,,,52,368,knockout
3839,52,368,1800,2700,37.5,MEDIUM,0,group,85,11,11,51,,,52,368,knockout
3839,368,52,1800,2700,37.5,LOW,1,group,33,11,11,27,,,52,368,knockout
3839,52,368,2700,3600,52.5,LOW,1,group,90,11,12,46,,,52,368,knockout
3839,368,52,2700,3600,52.5,LOW,1,group,35,11,11,30,,,52,368,knockout
3839,52,368,3600,4500,67.5,MEDIUM,0,group,65,13,13,41,,,52,368,knockout
3839,368,52,3600,4500,67.5,MEDIUM,0,group,57,14,14,42,,,52,368,knockout
3839,52,368,4500,5400,82.5,HIGH,0,group,81,12,12,51,,,52,368,knockout
3839,368,52,4500,5400,82.5,HIGH,1,group,35,11,11,27,,,52,368,knockout
3839,52,368,5400,6300,97.5,LOW,2,group,24,8,9,18,,,52,368,knockout
3839,368,52,5400,6300,97.5,LOW,2,group,18,10,9,17,,,52,368,knockout
3840,375,379,0,900,7.5,LOW,2,group,70,11,11,45,,,379,375,knockout
3840,379,375,0,900,7.5,LOW,0,group,33,11,11,29,,,379,375,knockout
3840,379,375,900,1800,22.5,LOW,0,group,29,10,9,22,,,379,375,knockout
3840,375,379,900,1800,22.5,LOW,0,group,44,11,11,29,,,379,375,knockout
3840,379,375,1800,2700,37.5,MEDIUM,-1,group,59,11,11,43,,,379,375,knockout
3840,375,379,1800,2700,37.5,MEDIUM,-2,group,77,11,10,48,,,379,375,knockout
3840,379,375,2700,3600,52.5,MEDIUM,-2,group,52,11,12,40,,,379,375,knockout
3840,375,379,2700,3600,52.5,MEDIUM,-2,group,65,12,11,43,,,379,375,knockout
3840,379,375,3600,4500,67.5,MEDIUM,0,group,50,12,13,39,,,379,375,knockout
3840,375,379,3600,4500,67.5,MEDIUM,0,group,67,11,11,43,,,379,375,knockout
3840,375,379,4500,5400,82.5,HIGH,0,group,89,14,14,57,,,379,375,knockout
3840,379,375,4500,5400,82.5,LOW,2,group,42,12,11,34,,,379,375,knockout
3840,375,379,5400,6300,97.5,LOW,2,group,20,11,10,18,,,379,375,knockout
3840,379,375,5400,6300,97.5,LOW,2,group,9,6,5,8,,,379,375,knockout
3841,377,383,0,900,7.5,LOW,1,group,78,11,11,52,,,377,383,knockout
3841,383,377,0,900,7.5,LOW,0,group,43,10,10,32,,,377,383,knockout
3841,383,377,900,1800,22.5,LOW,0,group,25,10,11,22,,,377,383,knockout
3841,377,383,900,1800,22.5,LOW,0,group,66,10,11,48,,,377,383,knockout
3841,383,377,1800,2700,37.5,MEDIUM,-2,group,90,11,11,48,,,377,383,knockout
3841,377,383,1800,2700,37.5,MEDIUM,-2,group,93,11,10,48,,,377,383,knockout
3841,383,377,2700,3600,52.5,MEDIUM,-2,group,43,11,11,34,,,377,383,knockout
3841,377,383,2700,3600,52.5,MEDIUM,-1,group,96,11,11,50,,,377,383,knockout
3841,377,383,3600,4500,67.5,MEDIUM,0,group,37,10,10,22,,,377,383,knockout
3841,383,377,3600,4500,67.5,MEDIUM,0,group,40,9,9,28,,,377,383,knockout
3841,377,383,4500,5400,82.5,HIGH,0,group,53,11,12,37,,,377,383,knockout
3841,383,377,4500,5400,82.5,HIGH,0,group,26,10,10,23,,,377,383,knockout
3841,377,383,5400,6300,97.5,HIGH,0,group,62,10,10,35,,,377,383,knockout
3841,383,377,5400,6300,97.5,HIGH,0,group,5,4,4,4,,,377,383,knockout
3842,370,361,0,900,7.5,LOW,0,group,84,10,11,45,,,361,370,knockout
3842,361,370,0,900,7.5,LOW,0,group,71,10,11,40,,,361,370,knockout
3842,370,361,900,1800,22.5,LOW,0,group,81,11,11,43,,,361,370,knockout
3842,361,370,900,1800,22.5,LOW,0,group,91,11,11,43,,,361,370,knockout
3842,361,370,1800,2700,37.5,MEDIUM,0,group,120,11,11,47,,,361,370,knockout
3842,370,361,1800,2700,37.5,MEDIUM,0,group,65,10,11,43,,,361,370,knockout
3842,370,361,2700,3600,52.5,MEDIUM,0,group,76,12,13,42,,,361,370,knockout
3842,361,370,2700,3600,52.5,MEDIUM,0,group,69,11,12,39,,,361,370,knockout
3842,370,361,3600,4500,67.5,MEDIUM,1,group,60,11,11,38,,,361,370,knockout
3842,361,370,3600,4500,67.5,MEDIUM,1,group,66,12,11,39,,,361,370,knockout
3842,370,361,4500,5400,82.5,LOW,2,group,38,12,12,29,,,361,370,knockout
3842,361,370,4500,5400,82.5,HIGH,1,group,60,13,12,41,,,361,370,knockout
3842,361,370,5400,6300,97.5,HIGH,1,group,31,11,11,30,,,361,370,knockout
3842,370,361,5400,6300,97.5,HIGH,1,group,18,8,7,15,,,361,370,knockout
3843,369,365,0,900,7.5,LOW,1,group,23,11,11,21,,,365,369,knockout
3843,365,369,0,900,7.5,LOW,-1,group,116,11,11,61,,,365,369,knockout
3843,365,369,900,1800,22.5,LOW,-1,group,118,11,11,62,,,365,369,knockout
3843,369,365,900,1800,22.5,LOW,-2,group,31,9,11,28,,,365,369,knockout
3843,369,365,1800,2700,37.5,MEDIUM,-1,group,44,11,10,34,,,365,369,knockout
3843,365,369,1800,2700,37.5,MEDIUM,-1,group,58,12,12,47,,,365,369,knockout
3843,365,369,2700,3600,52.5,MEDIUM,-1,group,108,11,11,60,,,365,369,knockout
3843,369,365,2700,3600,52.5,MEDIUM,-1,group,39,11,11,31,,,365,369,knockout
3843,369,365,3600,4500,67.5,MEDIUM,0,group,88,12,13,54,,,365,369,knockout
3843,365,369,3600,4500,67.5,MEDIUM,1,group,55,12,12,40,,,365,369,knockout
3843,369,365,4500,5400,82.5,HIGH,1,group,73,12,11,45,,,365,369,knockout
3843,365,369,4500,5400,82.5,HIGH,-1,group,50,13,14,36,,,365,369,knockout
3843,369,365,5400,6300,97.5,HIGH,-1,group,20,9,8,15,,,365,369,knockout
3843,365,369,5400,6300,97.5,HIGH,-1,group,33,10,11,26,,,365,369,knockout
3844,381,372,0,900,7.5,LOW,-1,group,48,9,9,26,,,381,372,knockout
3844,372,381,0,900,7.5,LOW,0,group,53,11,11,35,,,381,372,knockout
3844,372,381,900,1800,22.5,LOW,-1,group,36,10,11,29,,,381,372,knockout
3844,381,372,900,1800,22.5,LOW,-1,group,46,9,10,24,,,381,372,knockout
3844,372,381,1800,2700,37.5,LOW,1,group,31,10,11,23,,,381,372,knockout
3844,381,372,1800,2700,37.5,LOW,1,group,46,10,11,29,,,381,372,knockout
3844,381,372,2700,3600,52.5,LOW,1,group,104,12,12,56,,,381,372,knockout
3844,372,381,2700,3600,52.5,LOW,1,group,31,10,10,25,,,381,372,knockout
3844,381,372,3600,4500,67.5,MEDIUM,0,group,32,11,11,26,,,381,372,knockout
3844,372,381,3600,4500,67.5,MEDIUM,1,group,14,7,8,14,,,381,372,knockout
3844,381,372,4500,5400,82.5,HIGH,1,group,61,12,12,43,,,381,372,knockout
3844,372,381,4500,5400,82.5,HIGH,1,group,40,11,11,33,,,381,372,knockout
3844,381,372,5400,6300,97.5,HIGH,0,group,17,7,8,14,,,381,372,knockout
3844,372,381,5400,6300,97.5,HIGH,0,group,2,2,2,2,,,381,372,knockout
3845,366,360,0,900,7.5,LOW,2,group,116,11,11,61,,,366,360,knockout
3845,360,366,0,900,7.5,LOW,0,group,26,10,9,21,,,366,360,knockout
3845,366,360,900,1800,22.5,LOW,-1,group,108,11,10,57,,,366,360,knockout
3845,360,366,900,1800,22.5,LOW,-1,group,37,10,11,29,,,366,360,knockout
3845,366,360,1800,2700,37.5,MEDIUM,-1,group,112,11,11,59,,,366,360,knockout
3845,360,366,1800,2700,37.5,MEDIUM,0,group,82,11,11,50,,,366,360,knockout
3845,366,360,2700,3600,52.5,MEDIUM,0,group,145,11,11,63,,,366,360,knockout
3845,360,366,2700,3600,52.5,MEDIUM,-2,group,67,11,11,43,,,366,360,knockout
3845,360,366,3600,4500,67.5,MEDIUM,0,group,67,13,14,48,,,366,360,knockout
3845,366,360,3600,4500,67.5,MEDIUM,0,group,66,13,12,50,,,366,360,knockout
3845,360,366,4500,5400,82.5,LOW,2,group,87,12,13,52,,,366,360,knockout
3845,366,360,4500,5400,82.5,LOW,2,group,129,13,14,62,,,366,360,knockout
3845,366,360,5400,6300,97.5,LOW,2,group,56,10,10,35,,,366,360,knockout
3845,360,366,5400,6300,97.5,LOW,2,group,14,8,9,13,,,366,360,knockout
3846,384,50,0,900,7.5,LOW,2,group,36,10,10,25,,,384,50,knockout
3846,50,384,0,900,7.5,LOW,0,group,136,11,11,54,,,384,50,knockout
3846,50,384,900,1800,22.5,LOW,0,group,89,11,11,40,,,384,50,knockout
3846,384,50,900,1800,22.5,LOW,-2,group,19,8,8,16,,,384,50,knockout
3846,50,384,1800,2700,37.5,MEDIUM,-2,group,100,11,11,51,,,384,50,knockout
3846,384,50,1800,2700,37.5,MEDIUM,-2,group,19,10,9,18,,,384,50,knockout
3846,384,50,2700,3600,52.5,MEDIUM,-2,group,63,12,11,40,,,384,50,knockout
3846,50,384,2700,3600,52.5,MEDIUM,-2,group,66,11,11,41,,,384,50,knockout
3846,384,50,3600,4500,67.5,MEDIUM,1,group,81,10,11,51,,,384,50,knockout
3846,50,384,3600,4500,67.5,MEDIUM,1,group,37,10,10,28,,,384,50,knockout
3846,50,384,4500,5400,82.5,HIGH,0,group,89,11,11,45,,,384,50,knockout
3846,384,50,4500,5400,82.5,HIGH,0,group,50,12,12,37,,,384,50,knockout
3846,50,384,5400,6300,97.5,HIGH,0,group,30,11,11,28,,,384,50,knockout
3846,384,50,5400,6300,97.5,HIGH,0,group,1,1,1,1,,,384,50,knockout
3847,373,51,0,900,7.5,LOW,-1,group,56,11,10,36,,,373,51,knockout
3847,51,373,0,900,7.5,LOW,-1,group,93,11,10,46,,,373,51,knockout
3847,51,373,900,1800,22.5,LOW,-1,group,106,11,11,56,,,373,51,knockout
3847,373,51,900,1800,22.5,LOW,0,group,44,10,11,28,,,373,51,knockout
3847,373,51,1800,2700,37.5,MEDIUM,0,group,26,10,10,23,,,373,51,knockout
3847,51,373,1800,2700,37.5,MEDIUM,0,group,49,12,12,36,,,373,51,knockout
3847,51,373,2700,3600,52.5,MEDIUM,0,group,107,12,12,60,,,373,51,knockout
3847,373,51,2700,3600,52.5,LOW,1,group,80,11,12,47,,,373,51,knockout
3847,51,373,3600,4500,67.5,MEDIUM,0,group,44,12,12,40,,,373,51,knockout
3847,373,51,3600,4500,67.5,MEDIUM,1,group,38,12,12,30,,,373,51,knockout
3847,373,51,4500,5400,82.5,HIGH,-1,group,91,11,11,49,,,373,51,knockout
3847,51,373,4500,5400,82.5,HIGH,1,group,11,7,7,11,,,373,51,knockout
3847,373,51,5400,6300,97.5,HIGH,1,group,52,10,11,36,,,373,51,knockout
3847,51,373,5400,6300,97.5,HIGH,1,group,9,7,4,9,,,373,51,knockout
3857,377,365,0,900,7.5,LOW,1,group,77,11,11,50,,,377,365,knockout
3857,365,377,0,900,7.5,LOW,0,group,96,11,11,47,,,377,365,knockout
3857,377,365,900,1800,22.5,LOW,-1,group,68,11,11,44,,,377,365,knockout
3857,365,377,900,1800,22.5,LOW,1,group,56,11,11,39,,,377,365,knockout
3857,377,365,1800,2700,37.5,MEDIUM,-1,group,37,9,9,28,,,377,365,knockout
3857,365,377,1800,2700,37.5,MEDIUM,-1,group,99,11,11,56,,,377,365,knockout
3857,377,365,2700,3600,52.5,MEDIUM,-1,group,40,11,11,30,,,377,365,knockout
3857,365,377,2700,3600,52.5,MEDIUM,-1,group,109,11,11,51,,,377,365,knockout
3857,365,377,3600,4500,67.5,MEDIUM,0,group,71,14,14,56,,,377,365,knockout
3857,377,365,3600,4500,67.5,MEDIUM,0,group,18,10,9,16,,,377,365,knockout
3857,365,377,4500,5400,82.5,HIGH,0,group,75,13,13,54,,,377,365,knockout
3857,377,365,4500,5400,82.5,HIGH,0,group,52,12,11,41,,,377,365,knockout
3857,377,365,5400,6300,97.5,HIGH,0,group,8,5,5,8,,,377,365,knockout
3857,365,377,5400,6300,97.5,HIGH,0,group,19,7,9,14,,,377,365,knockout
3858,370,375,0,900,7.5,LOW,-1,group,53,11,11,38,,,375,370,knockout
3858,375,370,0,900,7.5,LOW,0,group,62,10,11,37,,,375,370,knockout
3858,375,370,900,1800,22.5,LOW,0,group,80,11,11,48,,,375,370,knockout
3858,370,375,900,1800,22.5,LOW,0,group,40,10,11,29,,,375,370,knockout
3858,370,375,1800,2700,37.5,MEDIUM,0,group,68,11,11,43,,,375,370,knockout
3858,375,370,1800,2700,37.5,MEDIUM,0,group,30,11,11,28,,,375,370,knockout
3858,375,370,2700,3600,52.5,MEDIUM,0,group,72,12,12,47,,,375,370,knockout
3858,370,375,2700,3600,52.5,LOW,1,group,56,11,9,37,,,375,370,knockout
3858,370,375,3600,4500,67.5,MEDIUM,0,group,58,13,13,44,,,375,370,knockout
3858,375,370,3600,4500,67.5,MEDIUM,-1,group,66,12,12,38,,,375,370,knockout
3858,375,370,4500,5400,82.5,HIGH,-1,group,72,12,13,46,,,375,370,knockout
3858,370,375,4500,5400,82.5,HIGH,-2,group,37,9,11,28,,,375,370,knockout
3858,375,370,5400,6300,97.5,HIGH,-2,group,15,7,7,13,,,375,370,knockout
3858,370,375,5400,6300,97.5,HIGH,-2,group,23,9,9,20,,,375,370,knockout
3859,361,379,0,900,7.5,LOW,-2,group,106,11,11,48,,,379,361,knockout
3859,379,361,0,900,7.5,LOW,0,group,45,11,11,34,,,379,361,knockout
3859,379,361,900,1800,22.5,LOW,1,group,42,10,10,33,,,379,361,knockout
3859,361,379,900,1800,22.5,LOW,1,group,67,11,11,47,,,379,361,knockout
3859,379,361,1800,2700,37.5,LOW,2,group,34,11,11,29,,,379,361,knockout
3859,361,379,1800,2700,37.5,LOW,2,group,80,11,11,49,,,379,361,knockout
3859,361,379,2700,3600,52.5,LOW,2,group,52,13,13,36,,,379,361,knockout
3859,379,361,2700,3600,52.5,LOW,2,group,42,11,10,34,,,379,361,knockout
3859,361,379,3600,4500,67.5,MEDIUM,0,group,79,12,12,46,,,379,361,knockout
3859,379,361,3600,4500,67.5,MEDIUM,0,group,51,11,12,31,,,379,361,knockout
3859,361,379,4500,5400,82.5,HIGH,1,group,74,11,12,48,,,379,361,knockout
3859,379,361,4500,5400,82.5,HIGH,1,group,31,10,11,22,,,379,361,knockout
3859,361,379,5400,6300,97.5,LOW,2,group,40,9,10,26,,,379,361,knockout
3859,379,361,5400,6300,97.5,HIGH,1,group,5,4,5,5,,,379,361,knockout
3848,367,386,0,900,7.5,LOW,1,group,93,11,11,51,,,386,367,knockout
3848,386,367,0,900,7.5,LOW,0,group,36,10,11,26,,,386,367,knockout
3848,386,367,900,1800,22.5,LOW,0,group,40,11,11,31,,,386,367,knockout
3848,367,386,900,1800,22.5,LOW,-1,group,113,11,11,61,,,386,367,knockout
3848,367,386,1800,2700,37.5,MEDIUM,-1,group,87,11,11,44,,,386,367,knockout
3848,386,367,1800,2700,37.5,MEDIUM,-2,group,49,11,11,35,,,386,367,knockout
3848,386,367,2700,3600,52.5,MEDIUM,-1,group,42,12,12,34,,,386,367,knockout
3848,367,386,2700,3600,52.5,MEDIUM,-1,group,98,13,14,50,,,386,367,knockout
3848,367,386,3600,4500,67.5,MEDIUM,0,group,70,13,13,45,,,386,367,knockout
3848,386,367,3600,4500,67.5,MEDIUM,0,group,17,8,10,15,,,386,367,knockout
3848,386,367,4500,5400,82.5,HIGH,0,group,27,10,8,19,,,386,367,knockout
3848,367,386,4500,5400,82.5,HIGH,1,group,99,11,11,44,,,386,367,knockout
3848,367,386,5400,6300,97.5,HIGH,1,group,26,9,11,22,,,386,367,knockout
3848,386,367,5400,6300,97.5,LOW,2,group,10,8,6,10,,,386,367,knockout
3849,378,363,0,900,7.5,LOW,3,group,49,11,11,32,,,378,363,knockout
3849,363,378,0,900,7.5,LOW,0,group,33,8,10,22,,,378,363,knockout
3849,378,363,900,1800,22.5,LOW,0,group,64,11,11,43,,,378,363,knockout
3849,363,378,900,1800,22.5,LOW,0,group,104,11,11,44,,,378,363,knockout
3849,363,378,1800,2700,37.5,MEDIUM,-1,group,86,11,11,51,,,378,363,knockout
3849,378,363,1800,2700,37.5,MEDIUM,-1,group,44,10,11,36,,,378,363,knockout
3849,378,363,2700,3600,52.5,MEDIUM,-2,group,78,11,10,49,,,378,363,knockout
3849,363,378,2700,3600,52.5,MEDIUM,-3,group,51,11,11,39,,,378,363,knockout
3849,378,363,3600,4500,67.5,MEDIUM,0,group,23,10,11,19,,,378,363,knockout
3849,363,378,3600,4500,67.5,MEDIUM,0,group,103,14,13,57,,,378,363,knockout
3849,363,378,4500,5400,82.5,HIGH,0,group,124,12,12,66,,,378,363,knockout
3849,378,363,4500,5400,82.5,LOW,2,group,12,8,8,12,,,378,363,knockout
3849,363,378,5400,6300,97.5,LOW,3,group,58,11,10,40,,,378,363,knockout
3849,378,363,5400,6300,97.5,LOW,3,group,6,6,6,6,,,378,363,knockout
3850,376,364,0,900,7.5,LOW,3,group,64,11,11,44,,,376,364,knockout
3850,364,376,0,900,7.5,LOW,0,group,76,11,11,41,,,376,364,knockout
3850,376,364,900,1800,22.5,LOW,0,group,45,11,11,35,,,376,364,knockout
3850,364,376,900,1800,22.5,LOW,0,group,103,11,11,51,,,376,364,knockout
3850,364,376,1800,2700,37.5,MEDIUM,-2,group,97,11,10,53,,,376,364,knockout
3850,376,364,1800,2700,37.5,MEDIUM,-3,group,20,11,11,19,,,376,364,knockout
3850,376,364,2700,3600,52.5,MEDIUM,-3,group,76,13,13,50,,,376,364,knockout
3850,364,376,2700,3600,52.5,MEDIUM,-3,group,129,11,11,55,,,376,364,knockout
3850,364,376,3600,4500,67.5,MEDIUM,0,group,158,11,11,62,,,376,364,knockout
3850,376,364,3600,4500,67.5,MEDIUM,0,group,36,13,12,31,,,376,364,knockout
3850,364,376,4500,5400,82.5,HIGH,0,group,176,14,14,69,,,376,364,knockout
3850,376,364,4500,5400,82.5,HIGH,1,group,26,9,10,21,,,376,364,knockout
3850,364,376,5400,6300,97.5,HIGH,0,group,85,10,10,52,,,376,364,knockout
3850,376,364,5400,6300,97.5,HIGH,0,group,2,2,2,2,,,376,364,knockout
3852,371,362,0,900,7.5,LOW,0,group,84,11,11,48,,,371,362,knockout
3852,362,371,0,900,7.5,LOW,0,group,86,11,11,49,,,371,362,knockout
3852,362,371,900,1800,22.5,LOW,-2,group,72,11,11,43,,,371,362,knockout
3852,371,362,900,1800,22.5,LOW,0,group,77,10,10,43,,,371,362,knockout
3852,362,371,1800,2700,37.5,MEDIUM,0,group,127,11,11,58,,,371,362,knockout
3852,371,362,1800,2700,37.5,MEDIUM,0,group,74,11,11,46,,,371,362,knockout
3852,362,371,2700,3600,52.5,MEDIUM,-1,group,99,11,11,57,,,371,362,knockout
3852,371,362,2700,3600,52.5,MEDIUM,0,group,129,11,11,56,,,371,362,knockout
3852,362,371,3600,4500,67.5,MEDIUM,0,group,73,11,12,35,,,371,362,knockout
3852,371,362,3600,4500,67.5,MEDIUM,0,group,80,12,11,44,,,371,362,knockout
3852,362,371,4500,5400,82.5,HIGH,0,group,68,10,11,47,,,371,362,knockout
3852,371,362,4500,5400,82.5,LOW,2,group,57,11,11,41,,,371,362,knockout
3852,362,371,5400,6300,97.5,HIGH,1,group,20,9,8,17,,,371,362,knockout
3852,371,362,5400,6300,97.5,LOW,2,group,13,9,7,11,,,371,362,knockout
3832,386,378,0,900,7.5,LOW,4,group,75,11,11,38,,,378,386,knockout
3832,378,386,0,900,7.5,LOW,4,group,50,10,11,32,,,378,386,knockout
3832,378,386,900,1800,22.5,LOW,4,group,53,11,11,37,,,378,386,knockout
3832,386,378,900,1800,22.5,LOW,3,group,34,11,10,26,,,378,386,knockout
3832,378,386,1800,2700,37.5,LOW,3,group,31,10,11,24,,,378,386,knockout
3832,386,378,1800,2700,37.5,MEDIUM,-1,group,42,11,11,32,,,378,386,knockout
3832,378,386,2700,3600,52.5,MEDIUM,-2,group,120,12,12,66,,,378,386,knockout
3832,386,378,2700,3600,52.5,MEDIUM,-4,group,42,11,11,34,,,378,386,knockout
3832,378,386,3600,4500,67.5,MEDIUM,-4,group,77,12,12,45,,,378,386,knockout
3832,386,378,3600,4500,67.5,MEDIUM,-4,group,39,12,12,32,,,378,386,knockout
3832,378,386,4500,5400,82.5,HIGH,-3,group,58,12,12,43,,,378,386,knockout
3832,386,378,4500,5400,82.5,HIGH,-3,group,36,12,11,30,,,378,386,knockout
3832,378,386,5400,6300,97.5,HIGH,0,group,28,10,10,24,,,378,386,knockout
3832,386,378,5400,6300,97.5,HIGH,0,group,7,6,6,7,,,378,386,knockout
3853,374,380,0,900,7.5,LOW,0,group,64,11,11,42,,,380,374,knockout
3853,380,374,0,900,7.5,LOW,0,group,55,10,11,40,,,380,374,knockout
3853,380,374,900,1800,22.5,LOW,0,group,69,11,10,37,,,380,374,knockout
3853,374,380,900,1800,22.5,LOW,0,group,64,11,11,39,,,380,374,knockout
3853,374,380,1800,2700,37.5,MEDIUM,0,group,50,11,11,37,,,380,374,knockout
3853,380,374,1800,2700,37.5,MEDIUM,0,group,71,10,11,38,,,380,374,knockout
3853,380,374,2700,3600,52.5,MEDIUM,-2,group,115,10,11,47,,,380,374,knockout
3853,374,380,2700,3600,52.5,MEDIUM,0,group,87,11,11,51,,,380,374,knockout
3853,374,380,3600,4500,67.5,MEDIUM,0,group,36,12,11,26,,,380,374,knockout
3853,380,374,3600,4500,67.5,MEDIUM,0,group,73,12,12,52,,,380,374,knockout
3853,380,374,4500,5400,82.5,HIGH,0,group,67,11,11,44,,,380,374,knockout
3853,374,380,4500,5400,82.5,HIGH,0,group,12,8,7,11,,,380,374,knockout
3853,380,374,5400,6300,97.5,HIGH,0,group,26,9,10,20,,,380,374,knockout
3853,374,380,5400,6300,97.5,HIGH,0,group,9,6,4,8,,,380,374,knockout
3854,52,57,0,900,7.5,LOW,0,group,173,11,11,53,,,57,52,knockout
3854,57,52,0,900,7.5,LOW,2,group,20,11,11,19,,,57,52,knockout
3854,52,57,900,1800,22.5,LOW,0,group,199,11,11,61,,,57,52,knockout
3854,57,52,900,1800,22.5,LOW,1,group,38,9,10,28,,,57,52,knockout
3854,57,52,1800,2700,37.5,LOW,2,group,41,10,10,30,,,57,52,knockout
3854,52,57,1800,2700,37.5,LOW,3,group,151,11,11,53,,,57,52,knockout
3854,52,57,2700,3600,52.5,LOW,4,group,70,12,12,37,,,57,52,knockout
3854,57,52,2700,3600,52.5,LOW,4,group,36,9,10,28,,,57,52,knockout
3854,52,57,3600,4500,67.5,LOW,5,group,137,13,12,63,,,57,52,knockout
3854,57,52,3600,4500,67.5,MEDIUM,0,group,21,9,8,18,,,57,52,knockout
3854,52,57,4500,5400,82.5,HIGH,-1,group,181,11,11,53,,,57,52,knockout
3854,57,52,4500,5400,82.5,HIGH,-2,group,9,7,5,8,,,57,52,knockout
3854,52,57,5400,6300,97.5,HIGH,-3,group,69,9,11,36,,,57,52,knockout
3854,57,52,5400,6300,97.5,HIGH,-4,group,3,3,3,3,,,57,52,knockout
3855,368,385,0,900,7.5,LOW,-4,group,117,11,11,53,,,385,368,knockout
3855,385,368,0,900,7.5,LOW,-5,group,19,11,10,16,,,385,368,knockout
3855,368,385,900,1800,22.5,LOW,0,group,110,11,11,50,,,385,368,knockout
3855,385,368,900,1800,22.5,LOW,0,group,64,11,11,41,,,385,368,knockout
3855,385,368,1800,2700,37.5,MEDIUM,0,group,47,11,11,37,,,385,368,knockout
3855,368,385,1800,2700,37.5,MEDIUM,0,group,137,10,11,59,,,385,368,knockout
3855,368,385,2700,3600,52.5,MEDIUM,0,group,111,12,12,50,,,385,368,knockout
3855,385,368,2700,3600,52.5,MEDIUM,0,group,55,11,11,37,,,385,368,knockout
3855,368,385,3600,4500,67.5,MEDIUM,0,group,74,13,13,50,,,385,368,knockout
3855,385,368,3600,4500,67.5,MEDIUM,1,group,12,8,5,9,,,385,368,knockout
3855,385,368,4500,5400,82.5,HIGH,-2,group,36,12,10,26,,,385,368,knockout
3855,368,385,4500,5400,82.5,HIGH,0,group,69,10,11,43,,,385,368,knockout
3855,385,368,5400,6300,97.5,HIGH,0,group,44,10,9,28,,,385,368,knockout
3855,368,385,5400,6300,97.5,HIGH,0,group,48,12,12,37,,,385,368,knockout
3856,369,383,0,900,7.5,LOW,0,group,70,11,10,43,,,383,369,knockout
3856,383,369,0,900,7.5,LOW,0,group,66,11,11,45,,,383,369,knockout
3856,383,369,900,1800,22.5,LOW,0,group,15,8,8,13,,,383,369,knockout
3856,369,383,900,1800,22.5,LOW,0,group,37,11,11,27,,,383,369,knockout
3856,369,383,1800,2700,37.5,MEDIUM,-1,group,36,12,12,28,,,383,369,knockout
3856,383,369,1800,2700,37.5,LOW,2,group,39,9,10,27,,,383,369,knockout
3856,383,369,2700,3600,52.5,MEDIUM,0,group,102,12,12,50,,,383,369,knockout
3856,369,383,2700,3600,52.5,MEDIUM,0,group,112,11,11,60,,,383,369,knockout
3856,383,369,3600,4500,67.5,MEDIUM,1,group,67,10,10,37,,,383,369,knockout
3856,369,383,3600,4500,67.5,MEDIUM,1,group,46,12,14,35,,,383,369,knockout
3856,383,369,4500,5400,82.5,HIGH,1,group,66,11,10,43,,,383,369,knockout
3856,369,383,4500,5400,82.5,HIGH,1,group,33,11,12,26,,,383,369,knockout
3856,383,369,5400,6300,97.5,HIGH,1,group,18,9,8,14,,,383,369,knockout
3856,369,383,5400,6300,97.5,HIGH,0,group,28,11,11,24,,,383,369,knockout
3851,58,382,0,900,7.5,LOW,2,group,80,11,11,39,,,382,58,knockout
3851,382,58,0,900,7.5,LOW,1,group,26,10,10,23,,,382,58,knockout
3851,382,58,900,1800,22.5,LOW,0,group,28,8,11,22,,,382,58,knockout
3851,58,382,900,1800,22.5,LOW,0,group,69,11,10,36,,,382,58,knockout
3851,382,58,1800,2700,37.5,MEDIUM,-1,group,16,9,9,13,,,382,58,knockout
3851,58,382,1800,2700,37.5,MEDIUM,-1,group,54,11,11,38,,,382,58,knockout
3851,58,382,2700,3600,52.5,MEDIUM,-1,group,47,11,11,36,,,382,58,knockout
3851,382,58,2700,3600,52.5,MEDIUM,-1,group,51,11,9,37,,,382,58,knockout
3851,58,382,3600,4500,67.5,MEDIUM,-1,group,40,9,11,34,,,382,58,knockout
3851,382,58,3600,4500,67.5,MEDIUM,0,group,25,10,11,21,,,382,58,knockout
3851,382,58,4500,5400,82.5,HIGH,-2,group,25,10,11,22,,,382,58,knockout
3851,58,382,4500,5400,82.5,HIGH,-1,group,49,13,15,43,,,382,58,knockout
3851,382,58,5400,6300,97.5,HIGH,0,group,18,9,8,18,,,382,58,knockout
3851,58,382,5400,6300,97.5,HIGH,0,group,18,7,10,13,,,382,58,knockout
3833,376,382,0,900,7.5,LOW,0,group,39,11,11,29,,,376,382,knockout
3833,382,376,0,900,7.5,LOW,-1,group,74,11,11,47,,,376,382,knockout
3833,382,376,900,1800,22.5,LOW,-1,group,49,11,11,34,,,376,382,knockout
3833,376,382,900,1800,22.5,LOW,-1,group,54,11,10,36,,,376,382,knockout
3833,376,382,1800,2700,37.5,MEDIUM,-1,group,50,11,11,34,,,376,382,knockout
3833,382,376,1800,2700,37.5,MEDIUM,0,group,49,11,11,33,,,376,382,knockout
3833,382,376,2700,3600,52.5,MEDIUM,0,group,154,12,12,71,,,376,382,knockout
3833,376,382,2700,3600,52.5,MEDIUM,0,group,38,10,11,30,,,376,382,knockout
3833,376,382,3600,4500,67.5,MEDIUM,1,group,33,11,11,24,,,376,382,knockout
3833,382,376,3600,4500,67.5,MEDIUM,1,group,48,12,11,35,,,376,382,knockout
3833,382,376,4500,5400,82.5,HIGH,1,group,75,12,12,57,,,376,382,knockout
3833,376,382,4500,5400,82.5,HIGH,1,group,28,10,10,25,,,376,382,knockout
3833,376,382,5400,6300,97.5,HIGH,0,group,16,9,9,14,,,376,382,knockout
3833,382,376,5400,6300,97.5,HIGH,-1,group,35,12,11,31,,,376,382,knockout
10508,52,374,0,900,7.5,LOW,-1,group,119,11,10,40,,,374,52,knockout
10508,374,52,0,900,7.5,LOW,-1,group,43,10,11,33,,,374,52,knockout
10508,52,374,900,1800,22.5,LOW,0,group,103,10,10,45,,,374,52,knockout
10508,374,52,900,1800,22.5,LOW,-1,group,48,10,10,31,,,374,52,knockout
10508,52,374,1800,2700,37.5,MEDIUM,-1,group,227,11,11,65,,,374,52,knockout
10508,374,52,1800,2700,37.5,MEDIUM,0,group,53,11,11,38,,,374,52,knockout
10508,52,374,2700,3600,52.5,LOW,1,group,133,12,12,48,,,374,52,knockout
10508,374,52,2700,3600,52.5,LOW,1,group,26,10,12,24,,,374,52,knockout
10508,52,374,3600,4500,67.5,MEDIUM,1,group,92,13,13,46,,,374,52,knockout
10508,374,52,3600,4500,67.5,MEDIUM,0,group,31,12,10,26,,,374,52,knockout
10508,374,52,4500,5400,82.5,HIGH,1,group,4,3,4,4,,,374,52,knockout
10508,52,374,4500,5400,82.5,HIGH,1,group,32,9,10,22,,,374,52,knockout
10508,52,374,5400,6300,97.5,HIGH,0,group,65,9,11,31,,,374,52,knockout
10508,374,52,5400,6300,97.5,HIGH,0,group,14,8,7,12,,,374,52,knockout
10508,52,374,6300,7200,112.5,HIGH,1,group,68,10,11,33,,,374,52,knockout
10508,374,52,6300,7200,112.5,LOW,2,group,17,8,9,14,,,374,52,knockout
10508,374,52,7200,8100,127.5,LOW,2,group,17,9,6,13,,,374,52,knockout
10508,52,374,7200,8100,127.5,LOW,3,group,113,12,12,61,,,374,52,knockout
10506,371,57,0,900,7.5,LOW,3,group,102,11,11,48,,,57,371,knockout
10506,57,371,0,900,7.5,LOW,0,group,32,11,10,26,,,57,371,knockout
10506,371,57,900,1800,22.5,LOW,0,group,92,11,11,44,,,57,371,knockout
10506,57,371,900,1800,22.5,LOW,-1,group,56,10,11,41,,,57,371,knockout
10506,371,57,1800,2700,37.5,MEDIUM,-2,group,118,11,11,52,,,57,371,knockout
10506,57,371,1800,2700,37.5,MEDIUM,-2,group,138,11,10,62,,,57,371,knockout
10506,371,57,2700,3600,52.5,MEDIUM,-3,group,79,11,13,51,,,57,371,knockout
10506,57,371,2700,3600,52.5,MEDIUM,-3,group,43,10,12,34,,,57,371,knockout
10506,371,57,3600,4500,67.5,MEDIUM,1,group,65,11,10,38,,,57,371,knockout
10506,57,371,3600,4500,67.5,MEDIUM,1,group,25,11,11,22,,,57,371,knockout
10506,371,57,4500,5400,82.5,HIGH,1,group,31,11,11,25,,,57,371,knockout
10506,57,371,4500,5400,82.5,HIGH,1,group,32,11,12,26,,,57,371,knockout
10506,57,371,5400,6300,97.5,HIGH,1,group,26,8,9,21,,,57,371,knockout
10506,371,57,5400,6300,97.5,LOW,2,group,5,4,4,5,,,57,371,knockout
10506,371,57,6300,7200,112.5,LOW,2,group,73,12,11,39,,,57,371,knockout
10506,57,371,6300,7200,112.5,HIGH,-1,group,18,8,9,18,,,57,371,knockout
10506,57,371,7200,8100,127.5,HIGH,-1,group,45,11,11,30,,,57,371,knockout
10506,371,57,7200,8100,127.5,HIGH,-1,group,74,11,11,41,,,57,371,knockout
10517,363,364,0,900,7.5,LOW,-1,group,48,11,11,34,,,364,363,knockout
10517,364,363,0,900,7.5,LOW,-1,group,55,11,11,36,,,364,363,knockout
10517,363,364,900,1800,22.5,LOW,-2,group,48,11,10,32,,,364,363,knockout
10517,364,363,900,1800,22.5,LOW,-2,group,66,11,10,42,,,364,363,knockout
10517,364,363,1800,2700,37.5,LOW,1,group,137,11,11,61,,,364,363,knockout
10517,363,364,1800,2700,37.5,MEDIUM,0,group,44,11,13,36,,,364,363,knockout
10517,363,364,2700,3600,52.5,MEDIUM,0,group,106,11,11,52,,,364,363,knockout
10517,364,363,2700,3600,52.5,LOW,1,group,61,10,11,40,,,364,363,knockout
10517,364,363,3600,4500,67.5,MEDIUM,1,group,56,10,10,35,,,364,363,knockout
10517,363,364,3600,4500,67.5,MEDIUM,1,group,68,13,13,52,,,364,363,knockout
10517,364,363,4500,5400,82.5,HIGH,1,group,36,10,10,32,,,364,363,knockout
10517,363,364,4500,5400,82.5,HIGH,-1,group,45,11,10,34,,,364,363,knockout
10517,364,363,5400,6300,97.5,HIGH,0,group,17,8,8,16,,,364,363,knockout
10517,363,364,5400,6300,97.5,HIGH,0,group,11,7,9,10,,,364,363,knockout
10517,363,364,6300,7200,112.5,HIGH,-1,group,35,9,11,31,,,364,363,knockout
10517,364,363,6300,7200,112.5,HIGH,-1,group,49,11,11,35,,,364,363,knockout
10517,363,364,7200,8100,127.5,HIGH,-1,group,21,9,10,19,,,364,363,knockout
10517,364,363,7200,8100,127.5,HIGH,-1,group,54,11,10,42,,,364,363,knockout
10517,364,363,8100,9000,142.5,HIGH,0,group,27,7,9,19,,,364,363,knockout
10517,363,364,8100,9000,142.5,HIGH,-1,group,10,8,8,9,,,364,363,knockout
10510,371,361,0,900,7.5,LOW,-2,group,51,9,11,36,,,371,361,knockout
10510,361,371,0,900,7.5,LOW,-2,group,80,11,11,42,,,371,361,knockout
10510,371,361,900,1800,22.5,LOW,-2,group,50,11,11,34,,,371,361,knockout
10510,361,371,900,1800,22.5,LOW,0,group,102,11,11,49,,,371,361,knockout
10510,361,371,1800,2700,37.5,MEDIUM,0,group,124,11,11,54,,,371,361,knockout
10510,371,361,1800,2700,37.5,MEDIUM,-1,group,126,11,11,58,,,371,361,knockout
10510,371,361,2700,3600,52.5,MEDIUM,-1,group,160,11,10,57,,,371,361,knockout
10510,361,371,2700,3600,52.5,MEDIUM,-2,group,83,11,12,46,,,371,361,knockout
10510,371,361,3600,4500,67.5,MEDIUM,0,group,64,11,12,41,,,371,361,knockout
10510,361,371,3600,4500,67.5,MEDIUM,1,group,77,12,12,49,,,371,361,knockout
10510,361,371,4500,5400,82.5,LOW,2,group,39,10,10,31,,,371,361,knockout
10510,371,361,4500,5400,82.5,LOW,2,group,45,9,10,31,,,371,361,knockout
10510,361,371,5400,6300,97.5,LOW,2,group,33,10,9,25,,,371,361,knockout
10510,371,361,5400,6300,97.5,HIGH,0,group,15,7,8,13,,,371,361,knockout
10510,361,371,6300,7200,112.5,HIGH,0,group,64,11,11,39,,,371,361,knockout
10510,371,361,6300,7200,112.5,HIGH,1,group,57,12,11,36,,,371,361,knockout
10510,371,361,7200,8100,127.5,HIGH,1,group,63,11,12,36,,,371,361,knockout
10510,361,371,7200,8100,127.5,LOW,2,group,32,11,10,25,,,371,361,knockout
